Popularity,Danceability,Energy,Key,Loudness,Speechiness,Acousticness,Instrumentalness,Liveness,Tempo
0.48071238376329856,0.5874416985086583,0.6263614090145682,0.4786966906886067,0.6308577904744037,0.07017105137936096,0.29719858029762986,0.09677499824073481,0.16388443232663638,0.4294650354640282
